Net,RefDes,Pin,Note
GND,J1,4,主板侧 GND
GND,J1,9,主板侧 GND
GND,J1,10,主板侧 GND
GND,J1,13,主板侧 GND
GND,J1,16,主板侧 GND
GND,J1,19,主板侧 GND
GND,J1,22,主板侧 GND
GND,J1,25,主板侧 GND
GND,J2,1,屏侧 GND
GND,J2,4,屏侧 GND
GND,J2,7,屏侧 GND
GND,J2,10,屏侧 GND
GND,J2,13,屏侧 GND
GND,J2,16,屏侧 GND
GND,J2,17,屏侧 GND
GND,J2,27,屏侧 GND
GND,J2,30,屏侧 GND
GND,J2,32,屏侧 GND
GND,J2,33,屏侧 GND
GND,J2,37,屏侧 GND
GND,U1,7,恒流驱动 GND（SOP8-EP pin7）
GND,U1,9,恒流驱动 EP 散热焊盘（亦为芯片地，必须接 GND）
GND,C1,2,12V 输入电容负
GND,C2,2,3V3 去耦电容负
GND,C3,2,1V8 去耦电容负
GND,C4,2,DIM 滤波电容负（PWM 调光时不贴 C4）
GND,P2,2,外部 PWM 输入地
GND,R1,2,电流设定电阻（SET）接地
MIPI_D0P,J1,20,主板 MiPi0+
MIPI_D0P,J2,2,屏 DSI-D0P
MIPI_D0N,J1,21,主板 MiPi0-
MIPI_D0N,J2,3,屏 DSI-D0N
MIPI_D1P,J1,14,主板 MiPi1+
MIPI_D1P,J2,5,屏 DSI-D1P
MIPI_D1N,J1,15,主板 MiPi1-
MIPI_D1N,J2,6,屏 DSI-D1N
MIPI_CLKP,J1,17,主板 LCK+
MIPI_CLKP,J2,8,屏 DSI-CLKP
MIPI_CLKN,J1,18,主板 LCK-
MIPI_CLKN,J2,9,屏 DSI-CLKN
PANEL_RST,J1,27,主板 RESET
PANEL_RST,J2,24,屏 RESET（须与 IOVCC 同电平 1.8V）
VDD_3V3,J1,30,主板 VDD 3.3V
VDD_3V3,J1,31,主板 VDD 3.3V
VDD_3V3,J2,38,屏 VCC
VDD_3V3,J2,39,屏 VCC
VDD_3V3,C2,1,1uF 去耦
VDD_3V3,JP1,1,背光常亮档
VDD_1V8,J1,29,主板 VDDIO 1.8V
VDD_1V8,J2,18,屏 IOVCC
VDD_1V8,J2,19,屏 IOVCC
VDD_1V8,C3,1,100nF 去耦
BL_12V,J1,1,主板 LED+ 12V
BL_12V,J1,2,主板 LED+ 12V
BL_12V,J1,3,主板 LED+ 12V
BL_12V,U1,3,恒流驱动 VIN（SOP8-EP pin3）
BL_12V,J2,35,屏 LEDA（共阳，直接接 12V）
BL_12V,J2,36,屏 LEDA（共阳，直接接 12V）
BL_12V,C1,1,10uF/25V 输入储能
BL_DIM,U1,1,恒流驱动 PWM1（SOP8-EP pin1，PWM 型输入，门槛 VIH>=1.4V）
BL_DIM,C4,1,100nF（PWM 调光时不贴）
BL_DIM,R6,2,1k
BL_DIM,JP1,2,跳线中心（短接=常亮满亮）
BL_PWM_EXT,P2,1,外部 PWM 输入焊盘
BL_PWM_EXT,R6,1,1k
LED_K,U1,2,恒流驱动 LED1 电流输出端（SOP8-EP pin2，低边 sink）
LED_K,J2,28,屏 LEDK
LED_K,J2,29,屏 LEDK
LED_SET,U1,8,恒流驱动 SET1 电流设定端（SOP8-EP pin8）
LED_SET,R1,1,电流设定电阻（R_SET=12.7k -> 约 78.7mA）
NC,J1,5,主板 LED- 本设计不使用
NC,J1,6,主板 LED- 本设计不使用
NC,J1,7,主板 LED- 本设计不使用
NC,J1,8,主板 LED- 本设计不使用
NC,J1,11,主板 MiPi2+ 悬空（屏 2-lane）
NC,J1,12,主板 MiPi2- 悬空（屏 2-lane）
NC,J1,23,主板 MiPi3+ 悬空（屏 2-lane）
NC,J1,24,主板 MiPi3- 悬空（屏 2-lane）
NC,J1,26,主板侧 NC
NC,J1,28,主板侧 NC
NC,J2,11,屏侧 NC
NC,J2,12,屏侧 NC
NC,J2,14,屏侧 NC
NC,J2,15,屏侧 NC
NC,J2,20,屏侧 NC
NC,J2,21,屏侧 NC
NC,J2,22,屏侧 NC
NC,J2,23,屏侧 NC
NC,J2,25,屏侧 NC
NC,J2,26,屏侧 NC
NC,J2,31,屏侧 NC
NC,J2,34,屏侧 NC
NC,J2,40,屏侧 NC
NC,U1,4,通道2 SET2 不用（悬空或按需接地）
NC,U1,5,通道2 PWM2 不用（建议接地关断，见选型文档）
NC,U1,6,通道2 LED2 不用（悬空）
